USE db_marketplace;

-- 1. TABEL REFERENSI / MASTER

-- DATA VOUCHER
INSERT INTO Voucher (kode_voucher, jenis_diskon, nilai_diskon, minimal_belanja, tanggal_mulai, tanggal_berakhir, status) VALUES
('WELCOME10', 'persentase', 10.00, 50000.00, '2026-01-01', '2026-12-31', 'aktif'),
('HEMAT20K', 'nominal', 20000.00, 100000.00, '2026-01-01', '2026-06-30', 'aktif'),
('FLASH50', 'persentase', 50.00, 200000.00, '2026-06-01', '2026-06-07', 'aktif'),
('BELANJA15', 'persentase', 15.00, 75000.00, '2026-03-01', '2026-07-31', 'aktif'),
('DISKON30K', 'nominal', 30000.00, 150000.00, '2026-04-01', '2026-06-30', 'aktif');

-- DATA KATEGORI
INSERT INTO Kategori (id_kategori, nama_kategori, deskripsi_kategori) VALUES
(1, 'Elektronik', 'Perangkat digital gadget komputer dan aksesorisnya'),
(2, 'Fashion Pria', 'Pakaian sepatu dan aksesoris gaya pria'),
(3, 'Fashion Wanita', 'Busana tas hijab dan perhiasan wanita'),
(4, 'Makanan & Minuman', 'Kuliner cemilan bahan pangan masakan instan'),
(5, 'Perawatan Diri', 'Produk skincare kosmetik herbal kesehatan tubuh');

-- 2. TABEL ENTITAS UTAMA (PELANGGAN & PENJUAL)

-- DATA PELANGGAN
INSERT INTO Pelanggan (id_pelanggan, nama, email, no_hp, tanggal_daftar) VALUES
(1, 'Andi Pratama', 'andi.pratama@gmail.com', '08112345601', '2026-01-05'),
(2, 'Budi Santoso', 'budi.santoso@yahoo.com', '08112345602', '2026-01-07'),
(3, 'Citra Lestari', 'citra.lestari@gmail.com', '08112345603', '2026-01-12'),
(4, 'Dewi Sartika', 'dewi.sartika@gmail.com', '08112345604', '2026-01-15'),
(5, 'Eko Prasetyo', 'eko.prasetyo@gmail.com', '08112345605', '2026-01-20'),
(6, 'Fany Rahmawati', 'fany.rahma@gmail.com', '08112345606', '2026-01-22'),
(7, 'Gilang Dirga', 'gilang.d@gmail.com', '08112345607', '2026-01-25'),
(8, 'Hendra Wijaya', 'hendra.w@gmail.com', '08112345608', '2026-02-01'),
(9, 'Indah Permata', 'indah.p@gmail.com', '08112345609', '2026-02-03'),
(10, 'Joko Widodo', 'jokowi@gmail.com', '08112345610', '2026-02-05'),
(11, 'Kurnia Utama', 'kurnia.u@gmail.com', '08112345611', '2026-02-10'),
(12, 'Laras Ati', 'laras.ati@gmail.com', '08112345612', '2026-02-12'),
(13, 'Muhammad Rizky', 'm.rizky@gmail.com', '08112345613', '2026-02-14'),
(14, 'Nadia Vega', 'nadia.v@gmail.com', '08112345614', '2026-02-18'),
(15, 'Oki Setiana', 'oki.s@gmail.com', '08112345615', '2026-02-20'),
(16, 'Putra Aditya', 'putra.a@gmail.com', '08112345616', '2026-02-25'),
(17, 'Qori Sandioriva', 'qori.s@gmail.com', '08112345617', '2026-03-01'),
(18, 'Rian Ekky', 'rian.e@gmail.com', '08112345618', '2026-03-03'),
(19, 'Siti Nurhaliza', 'siti.n@gmail.com', '08112345619', '2026-03-05'),
(20, 'Taufik Hidayat', 'taufik.h@gmail.com', '08112345620', '2026-03-10'),
(21, 'Umar Syarif', 'umar.s@gmail.com', '08112345621', '2026-03-12'),
(22, 'Vina Panduwinata', 'vina.p@gmail.com', '08112345622', '2026-03-15'),
(23, 'Wahyu Hidayat', 'wahyu.h@gmail.com', '08112345623', '2026-03-20'),
(24, 'Xavier Malik', 'xavier.m@gmail.com', '08112345624', '2026-03-22'),
(25, 'Yayan Ruhian', 'yayan.r@gmail.com', '08112345625', '2026-03-25'),
(26, 'Zainal Abidin', 'zainal.a@gmail.com', '08112345626', '2026-04-01'),
(27, 'Ahmad Dhani', 'ahmad.d@gmail.com', '08112345627', '2026-04-03'),
(28, 'Bella Shofie', 'bella.s@gmail.com', '08112345628', '2026-04-05'),
(29, 'Candra Wijaya', 'candra.w@gmail.com', '08112345629', '2026-04-10'),
(30, 'Dedi Corbuzier', 'dedi.c@gmail.com', '08112345630', '2026-04-12'),
(31, 'Eri Cahyadi', 'eri.c@gmail.com', '08112345631', '2026-04-15'),
(32, 'Fadli Zon', 'fadli.z@gmail.com', '08112345632', '2026-04-18'),
(33, 'Gita Gutawa', 'gita.g@gmail.com', '08112345633', '2026-04-20'),
(34, 'Hesti Purwadinata', 'hesti.p@gmail.com', '08112345634', '2026-04-25'),
(35, 'Irfan Hakim', 'irfan.h@gmail.com', '08112345635', '2026-05-01'),
(36, 'Julia Perez', 'julia.p@gmail.com', '08112345636', '2026-05-03'),
(37, 'Kevin Sanjaya', 'kevin.s@gmail.com', '08112345637', '2026-05-05'),
(38, 'Luna Maya', 'luna.m@gmail.com', '08112345638', '2026-05-10'),
(39, 'Maia Estianty', 'maia.e@gmail.com', '08112345639', '2026-05-12'),
(40, 'Nadiem Makarim', 'nadiem.m@gmail.com', '08112345640', '2026-05-15');

-- DATA PENJUAL
INSERT INTO Penjual (id_penjual, nama_toko, nama_penjual, email_penjual, no_hp, alamat_toko) VALUES
(1, 'Anker Official', 'Alif Nugroho', 'anker.id@gmail.com', '08212345001', 'Jakarta Central'),
(2, 'Eiger Store', 'Roni Wijaya', 'eiger.store@gmail.com', '08212345002', 'Bandung'),
(3, 'Erigo Official', 'Muhammad Ali', 'erigo.id@gmail.com', '08212345003', 'Tangerang'),
(4, 'Kopi Kenangan Store', 'Edward Tirtanata', 'kenangan.id@gmail.com', '08212345004', 'Jakarta Selatan'),
(5, 'Wardah Official', 'Nurhayati Subakat', 'wardah.id@gmail.com', '08212345005', 'Jakarta Barat'),
(6, 'Samsung Store', 'Lee Kun', 'samsung.id@gmail.com', '08212345006', 'Jakarta Utara'),
(7, 'Xiaomi Official', 'Lei Jun', 'xiaomi.id@gmail.com', '08212345007', 'Jakarta Timur'),
(8, 'Asus ROG Center', 'Jonny Shih', 'asus.id@gmail.com', '08212345008', 'Bekasi'),
(9, 'Brodo Footwear', 'Yukka Harlanda', 'brodo.id@gmail.com', '08212345009', 'Bandung'),
(10, 'Cosmo Lady', 'Siti Aminah', 'cosmolady@gmail.com', '08212345010', 'Surabaya'),
(11, 'Cottonink', 'Carline Darjanto', 'cottonink@gmail.com', '08212345011', 'Jakarta Selatan'),
(12, 'ShopAtVelvet', 'Yani Setyowati', 'shopatvelvet@gmail.com', '08212345012', 'Tangerang'),
(13, 'Minyak Sapi Cap Ibu', 'Agus Sugandi', 'minyaksapi@gmail.com', '08212345013', 'Semarang'),
(14, 'Sari Roti Hub', 'Anthoni Salim', 'sariroti@gmail.com', '08212345014', 'Bekasi'),
(15, 'Scarlett Official', 'Felicya Angelista', 'scarlett@gmail.com', '08212345015', 'Jakarta Utara'),
(16, 'Somethinc Skincare', 'Irene Ursula', 'somethinc@gmail.com', '08212345016', 'Jakarta Barat'),
(17, 'Eiger Adventure', 'Bambang', 'eiger.adv@gmail.com', '08212345017', 'Bogor'),
(18, 'Consina Outdoorgear', 'Dyson', 'consina@gmail.com', '08212345018', 'Depok'),
(19, 'Roughneck 1991', 'Rusli', 'roughneck@gmail.com', '08212345019', 'Tangerang'),
(20, 'Maternal Disaster', 'Vidi', 'maternal@gmail.com', '08212345020', 'Bandung'),
(21, 'Zoya Hijab', 'Feny', 'zoya@gmail.com', '08212345021', 'Bandung'),
(22, 'Elzatta', 'Elidawati', 'elzatta@gmail.com', '08212345022', 'Bandung'),
(23, 'Indomie Store', 'Franky', 'indomie@gmail.com', '08212345023', 'Jakarta Selatan'),
(24, 'Gery Chocolatos Hub', 'Sudhamek', 'gery@gmail.com', '08212345024', 'Gresik'),
(25, 'Sensatia Botanicals', 'Michael', 'sensatia@gmail.com', '08212345025', 'Bali'),
(26, 'Avoskin Official', 'Anugrah Pakerti', 'avoskin@gmail.com', '08212345026', 'Yogyakarta'),
(27, 'Base Skincare', 'Yaumi', 'base.skin@gmail.com', '08212345027', 'Jakarta Selatan'),
(28, 'Polytron Official', 'Hartono', 'polytron@gmail.com', '08212345028', 'Kudus'),
(29, 'Advan Digital', 'Rudi', 'advan@gmail.com', '08212345029', 'Semarang'),
(30, 'Mito Electronic', 'Budi', 'mito@gmail.com', '08212345030', 'Tangerang'),
(31, 'Public Culture', 'Kiki', 'public.c@gmail.com', '08212345031', 'Jakarta Selatan'),
(32, 'Kamengski', 'Said', 'kamengski@gmail.com', '08212345032', 'Jakarta Selatan'),
(33, 'Scentplus', 'Roni', 'scentplus@gmail.com', '08212345033', 'Surabaya'),
(34, 'Kahf Official', 'Paragon', 'kahf@gmail.com', '08212345034', 'Tangerang'),
(35, 'Kanzler Hub', 'Japfa', 'kanzler@gmail.com', '08212345035', 'Cikarang'),
(36, 'Fiesta Nugget Hub', 'Charoen', 'fiesta@gmail.com', '08212345036', 'Surabaya'),
(37, 'Dear Me Beauty', 'Nikita', 'dearme@gmail.com', '08212345037', 'Jakarta Pusat'),
(38, 'Luxcrime Store', 'Achmad', 'luxcrime@gmail.com', '08212345038', 'Jakarta Barat'),
(39, 'Rei Outdoor', 'Rei', 'rei.adv@gmail.com', '08212345039', 'Solo'),
(40, 'Bloodsgames', 'Erick', 'bloods@gmail.com', '08212345040', 'Bandung');

-- 3. TABEL TURUNAN (ALAMAT & PRODUK)

-- DATA ALAMAT
INSERT INTO Alamat (id_alamat, id_pelanggan, label_alamat, penerima, no_hp_penerima, alamat_lengkap, kota, kode_pos, provinsi) VALUES
(1, 1, 'Rumah', 'Andi Pratama', '08112345601', 'Jl Merdeka No 12', 'Jakarta Pusat', '10110', 'DKI Jakarta'),
(2, 2, 'Kantor', 'Budi Santoso', '08112345602', 'Gedung Astra Lt 4', 'Jakarta Pusat', '10220', 'DKI Jakarta'),
(3, 3, 'Rumah', 'Citra Lestari', '08112345603', 'Jl Anggrek Blok C/5', 'Bandung', '40121', 'Jawa Barat'),
(4, 4, 'Kos', 'Dewi Sartika', '08112345604', 'Kos Putri Ayu No 9', 'Yogyakarta', '55281', 'DI Yogyakarta'),
(5, 5, 'Rumah', 'Eko Prasetyo', '08112345605', 'Jl Pemuda No 88', 'Semarang', '50132', 'Jawa Tengah'),
(6, 6, 'Rumah', 'Fany Rahmawati', '08112345606', 'Jl Diponegoro 14', 'Surabaya', '60172', 'Jawa Timur'),
(7, 7, 'Kantor', 'Gilang Dirga', '08112345607', 'TVRI Hub Senayan', 'Jakarta Pusat', '10270', 'DKI Jakarta'),
(8, 8, 'Rumah', 'Hendra Wijaya', '08112345608', 'Jl Gatsu No 100', 'Medan', '20111', 'Sumatera Utara'),
(9, 9, 'Rumah', 'Indah Permata', '08112345609', 'Perum Asri Blok A3', 'Makassar', '90222', 'Sulawesi Selatan'),
(10, 10, 'Rumah', 'Joko Widodo', '08112345610', 'Jl Solo No 42', 'Surakarta', '57111', 'Jawa Tengah'),
(11, 11, 'Rumah', 'Kurnia Utama', '08112345611', 'Jl Pahlawan 32', 'Bogor', '16111', 'Jawa Barat'),
(12, 12, 'Rumah', 'Laras Ati', '08112345612', 'Jl Gajah Mada 99', 'Malang', '65111', 'Jawa Timur'),
(13, 13, 'Kos', 'Muhammad Rizky', '08112345613', 'Kos Orange Room 2', 'Depok', '16424', 'Jawa Barat'),
(14, 14, 'Rumah', 'Nadia Vega', '08112345614', 'Cluster Melati B/7', 'Cibinong', '16911', 'Jawa Barat'),
(15, 15, 'Rumah', 'Oki Setiana', '08112345615', 'Jl KH Ahmad Dahlan 5', 'Yogyakarta', '55122', 'DI Yogyakarta'),
(16, 16, 'Rumah', 'Putra Aditya', '08112345616', 'Perum Indah Permai C3', 'Denpasar', '80111', 'Bali'),
(17, 17, 'Rumah', 'Qori Sandioriva', '08112345617', 'Jl Teuku Umar 82', 'Banda Aceh', '23242', 'Aceh'),
(18, 18, 'Kantor', 'Rian Ekky', '08112345618', 'Musica Studio Hub', 'Jakarta Selatan', '12730', 'DKI Jakarta'),
(19, 19, 'Rumah', 'Siti Nurhaliza', '08112345619', 'Jl Sultan Agung 10', 'Medan', '20111', 'Sumatera Utara'),
(20, 20, 'Rumah', 'Taufik Hidayat', '08112345620', 'Perum Pelatnas Cipayung', 'Jakarta Timur', '13840', 'DKI Jakarta'),
(21, 21, 'Rumah', 'Umar Syarif', '08112345621', 'Jl Pajajaran 45', 'Bandung', '40141', 'Jawa Barat'),
(22, 22, 'Rumah', 'Vina Panduwinata', '08112345622', 'Jl Melati No 19', 'Bogor', '16112', 'Jawa Barat'),
(23, 23, 'Rumah', 'Wahyu Hidayat', '08112345623', 'Jl Jend Sudirman 100', 'Makassar', '90111', 'Sulawesi Selatan'),
(24, 24, 'Rumah', 'Xavier Malik', '08112345624', 'Apartemen Medit Room 12A', 'Jakarta Barat', '11470', 'DKI Jakarta'),
(25, 25, 'Rumah', 'Yayan Ruhian', '08112345625', 'Padepokan Silat No 4', 'Tasikmalaya', '46111', 'Jawa Barat'),
(26, 26, 'Rumah', 'Zainal Abidin', '08112345626', 'Jl Veteran No 18', 'Palembang', '30111', 'Sumatera Selatan'),
(27, 27, 'Rumah', 'Ahmad Dhani', '08112345627', 'Jl Pinang Emas III', 'Jakarta Selatan', '12310', 'DKI Jakarta'),
(28, 28, 'Rumah', 'Bella Shofie', '08112345628', 'Kavling Indah No 9', 'Medan', '20121', 'Sumatera Utara'),
(29, 29, 'Rumah', 'Candra Wijaya', '08112345629', 'Jl Asia Afrika 5', 'Bandung', '40111', 'Jawa Barat'),
(30, 30, 'Rumah', 'Dedi Corbuzier', '08112345630', 'Studio Podcast No 1', 'Tangerang Selatan', '15411', 'Banten'),
(31, 31, 'Rumah', 'Eri Cahyadi', '08112345631', 'Jl Walikota No 2', 'Surabaya', '60272', 'Jawa Timur'),
(32, 32, 'Rumah', 'Fadli Zon', '08112345632', 'Zon Library Building', 'Depok', '16431', 'Jawa Barat'),
(33, 33, 'Rumah', 'Gita Gutawa', '08112345633', 'Jl Simatupang Blok M', 'Jakarta Selatan', '12430', 'DKI Jakarta'),
(34, 34, 'Rumah', 'Hesti Purwadinata', '08112345634', 'Jl Kemang Pratama', 'Bekasi', '17116', 'Jawa Barat'),
(35, 35, 'Rumah', 'Irfan Hakim', '08112345635', 'Joglo deHakims No 11', 'Jakarta Timur', '13510', 'DKI Jakarta'),
(36, 36, 'Rumah', 'Julia Perez', '08112345636', 'Kavling Raffles Room A', 'Jakarta Timur', '13410', 'DKI Jakarta'),
(37, 37, 'Rumah', 'Kevin Sanjaya', '08112345637', 'Candra Wijaya Arena', 'Tangerang', '15310', 'Banten'),
(38, 38, 'Rumah', 'Luna Maya', '08112345638', 'Jl Bangka VIII No 3', 'Jakarta Selatan', '12720', 'DKI Jakarta'),
(39, 39, 'Rumah', 'Maia Estianty', '08112345639', 'Jl Pejaten Barat', 'Jakarta Selatan', '12510', 'DKI Jakarta'),
(40, 40, 'Rumah', 'Nadiem Makarim', '08112345640', 'Jl Kebon Sirih No 5', 'Jakarta Pusat', '10110', 'DKI Jakarta');

-- DATA PRODUK
INSERT INTO Produk (id_produk, id_kategori, id_penjual, nama_produk, deskripsi_produk, harga_produk, stok_produk, berat_produk, gambar_produk) VALUES
(1, 1, 1, 'Powerbank Anker 10000mAh', 'Powerbank fast charging premium', 350000.00, 100, 0.25, 'anker10k.jpg'),
(2, 1, 6, 'Samsung Galaxy A55 5G', 'Smartphone mid-range performa maksimal', 5499000.00, 45, 0.19, 'samsunga55.jpg'),
(3, 1, 7, 'Redmi Note 13 Pro', 'Kamera 200MP harga terjangkau', 3799000.00, 60, 0.18, 'redmi13.jpg'),
(4, 1, 8, 'Laptop ASUS ROG Strix', 'Laptop gaming spesifikasi tinggi', 22499000.00, 15, 2.40, 'rogstrix.jpg'),
(5, 1, 28, 'Televisi LED Polytron 32', 'TV digital bening berkualitas', 1650000.00, 30, 4.50, 'polytron32.jpg'),
(6, 1, 29, 'Tablet Advan Sketsa 3', 'Tablet gambar plus stylus pen', 1999000.00, 40, 0.55, 'advansketsa.jpg'),
(7, 1, 30, 'Mito Rice Cooker Digital', 'Penanak nasi digital multifungsi', 450000.00, 50, 3.00, 'mitorice.jpg'),
(8, 2, 2, 'Jaket Outdoor Eiger', 'Jaket gunung anti angin dan air', 650000.00, 25, 0.60, 'eigerjaket.jpg'),
(9, 2, 3, 'Kaos Polos Erigo', 'Kaos cotton combed kasual nyaman', 99000.00, 120, 0.15, 'erigokaos.jpg'),
(10, 2, 9, 'Sepatu Sneakers Brodo', 'Sepatu kulit kasual lokal berkualitas', 399000.00, 35, 0.80, 'brodosneak.jpg'),
(11, 2, 9, 'Sepatu Kulit Brodo Signum', 'Sepatu kulit formal kerja pesta', 550000.00, 55, 0.90, 'brodosignum.jpg'),
(12, 2, 19, 'Hoodie Roughneck Black', 'Hoodie katun tebal kasual', 199000.00, 85, 0.50, 'roughneckhoodie.jpg'),
(13, 2, 20, 'Kaos Maternal Disaster', 'Kaos hitam desain metal gothic', 145000.00, 150, 0.20, 'maternaltshirt.jpg'),
(14, 2, 31, 'Celana Chino Public Culture', 'Celana kasual berkendara santai', 320000.00, 60, 0.40, 'pcchino.jpg'),
(15, 2, 32, 'Kaos Plesetan Kamengski', 'Kaos unik penuh parodi komedi', 135000.00, 90, 0.20, 'kamengskits.jpg'),
(16, 2, 40, 'Jaket Parka Bloods', 'Jaket tebal hangout berkendara', 380000.00, 40, 0.80, 'bloodsparka.jpg'),
(17, 3, 10, 'Blouse Katun Cosmo Lady', 'Baju atasan wanita bahan sejuk', 145000.00, 70, 0.20, 'cosmoblouse.jpg'),
(18, 3, 11, 'Kemeja Wanita Cottonink', 'Kemeja minimalis modern wanita', 249000.00, 40, 0.25, 'cottoninkshirt.jpg'),
(19, 3, 12, 'Dress Flanel ShopAtVelvet', 'Gaun terusan wanita trendi', 299000.00, 35, 0.35, 'velvetdress.jpg'),
(20, 3, 21, 'Hijab Segiempat Zoya', 'Kerudung voal premium mudah dibentuk', 850000.00, 200, 0.10, 'zoyavoal.jpg'),
(21, 3, 22, 'Gamis Modern Elzatta', 'Baju gamis muslimah anggun', 375000.00, 50, 0.50, 'elzattagamis.jpg'),
(22, 3, 11, 'Celana Kulot Cottonink', 'Celana panjang kain kulot lebar', 279000.00, 45, 0.30, 'cottoninkkulot.jpg'),
(23, 3, 12, 'Rok Panjang ShopAtVelvet', 'Rok kasual maxi gaya korea', 199000.00, 50, 0.28, 'velvetskirt.jpg'),
(24, 3, 21, 'Mukena Katun Zoya', 'Perangkat ibadah adem motif cantik', 285000.00, 65, 0.60, 'zoyamukena.jpg'),
(25, 4, 4, 'Kopi Arabika Gayo 250g', 'Biji kopi sangrai premium gayo', 95000.00, 100, 0.26, 'kenangangayo.jpg'),
(26, 4, 13, 'Minyak Sapi Murni 500ml', 'Minyak masak kualitas ekspor gurih', 135000.00, 80, 0.52, 'minyaksapi.jpg'),
(27, 4, 14, 'Roti Tawar Kupas Sari Roti', 'Roti tawar lembut tanpa kulit', 17000.00, 300, 0.40, 'sarirotitawar.jpg'),
(28, 4, 23, 'Indomie Goreng 1 Dus', 'Mie instan favorit isi 40 bungkus', 115000.00, 150, 3.40, 'indomiedus.jpg'),
(29, 4, 24, 'Chocolatos Wafer Roll 1 Box', 'Wafer stik coklat lumer isi 24', 32000.00, 250, 0.50, 'chocolatosbox.jpg'),
(30, 4, 35, 'Sosis Kanzler Singles', 'Sosis siap makan rasa keju meat', 9000.00, 500, 0.07, 'kanzlersingle.jpg'),
(31, 4, 36, 'Fiesta Chicken Nugget 500g', 'Nugget ayam olahan lezat gurih', 48000.00, 120, 0.52, 'fiestanugget.jpg'),
(32, 4, 23, 'Indomie Rasa Ayam Bawang 1 Box', 'Mie instan kuah gurih satu kardus', 112000.00, 100, 3.40, 'ayambawangbox.jpg'),
(33, 5, 5, 'Wardah Sunscreen SPF 30', 'Gel pelindung matahari ringan wajah', 35000.00, 180, 0.06, 'wardahsun.jpg'),
(34, 5, 15, 'Scarlett Body Lotion', 'Lotion pemutih kulit wangi romansa', 75000.00, 140, 0.35, 'scarlettlotion.jpg'),
(35, 5, 16, 'Somethinc Niacinamide Serum', 'Serum pencerah wajah anti kusam', 129000.00, 95, 0.04, 'somethincserum.jpg'),
(36, 5, 25, 'Sensatia Botanicals Soap', 'Sabun mandi natural herbal bali', 60000.00, 110, 0.12, 'sensatiasoap.jpg'),
(37, 5, 26, 'Avoskin Miraculous Toner', 'Toner eksfoliasi kulit glowing alami', 185000.00, 60, 0.15, 'avoskintoner.jpg'),
(38, 5, 27, 'Base Cleanser Gel', 'Pembersih wajah vegan organik sensitif', 98000.00, 75, 0.11, 'basecleanser.jpg'),
(39, 5, 34, 'Kahf Face Wash Oil Control', 'Sabun cuci muka pria bebas kilap', 38000.00, 220, 0.12, 'kahfface.jpg'),
(40, 5, 37, 'Dear Me Beauty Lip Tint', 'Pewarna bibir cair lembap natural', 49000.00, 160, 0.03, 'dearmelip.jpg');

-- 4. TABEL OPERASIONAL TRANSAKSI

-- DATA PESANAN
INSERT INTO Pesanan (id_pesanan, id_pelanggan, id_alamat, tanggal_pesanan, total_harga, kode_voucher, status_pesanan) VALUES
(1, 1, 1, '2026-05-01 10:00:00', 5499000.00, NULL, 'selesai'),
(2, 2, 2, '2026-05-02 11:30:00', 350000.00, 'WELCOME10', 'selesai'),
(3, 3, 3, '2026-05-03 14:15:00', 650000.00, NULL, 'selesai'),
(4, 4, 4, '2026-05-04 09:00:00', 129000.00, NULL, 'selesai'),
(5, 5, 5, '2026-05-05 16:45:00', 175000.00, NULL, 'selesai'),
(6, 6, 6, '2026-05-06 13:20:00', 1650000.00, NULL, 'selesai'),
(7, 7, 7, '2026-05-07 10:10:00', 22499000.00, NULL, 'selesai'),
(8, 8, 8, '2026-05-08 19:00:00', 550000.00, NULL, 'selesai'),
(9, 9, 9, '2026-05-09 13:02:00', 199000.00, NULL, 'selesai'),
(10, 10, 10, '2026-05-10 20:45:00', 95000.00, NULL, 'selesai'),
(11, 11, 11, '2026-05-11 15:40:00', 249000.00, NULL, 'selesai'),
(12, 12, 12, '2026-05-12 12:15:00', 135000.00, NULL, 'selesai'),
(13, 13, 13, '2026-05-13 17:50:00', 115000.00, NULL, 'selesai'),
(14, 14, 14, '2026-05-14 10:05:00', 75000.00, NULL, 'selesai'),
(15, 15, 15, '2026-05-15 14:22:00', 35000.00, NULL, 'selesai'),
(16, 16, 16, '2026-05-16 09:12:00', 299000.00, NULL, 'selesai'),
(17, 17, 17, '2026-05-17 11:34:00', 145000.00, NULL, 'diproses'),
(18, 18, 18, '2026-05-18 16:11:00', 60000.00, NULL, 'menunggu_pembayaran'),
(19, 19, 19, '2026-05-19 13:02:00', 185000.00, NULL, 'selesai'),
(20, 20, 20, '2026-05-20 20:45:00', 38000.00, NULL, 'selesai'),
(21, 21, 21, '2026-05-21 07:15:00', 650000.00, NULL, 'selesai'),
(22, 22, 22, '2026-05-22 10:55:00', 850000.00, NULL, 'selesai'),
(23, 23, 23, '2026-05-23 15:20:00', 3799000.00, NULL, 'selesai'),
(24, 24, 24, '2026-05-24 11:40:00', 1999000.00, NULL, 'selesai'),
(25, 25, 25, '2026-05-25 14:00:00', 450000.00, NULL, 'selesai'),
(26, 26, 26, '2026-05-26 16:30:00', 120000.00, NULL, 'selesai'),
(27, 27, 27, '2026-05-27 09:25:00', 320000.00, NULL, 'selesai'),
(28, 28, 28, '2026-05-28 13:10:00', 135000.00, NULL, 'selesai'),
(29, 29, 29, '2026-05-29 12:00:00', 380000.00, NULL, 'selesai'),
(30, 30, 30, '2026-05-30 17:15:00', 375000.00, NULL, 'dibatalkan'),
(31, 31, 31, '2026-06-01 10:00:00', 279000.00, NULL, 'selesai'),
(32, 32, 32, '2026-06-02 11:12:00', 199000.00, NULL, 'selesai'),
(33, 33, 33, '2026-06-03 14:40:00', 285000.00, NULL, 'selesai'),
(34, 34, 34, '2026-06-04 09:50:00', 17000.00, NULL, 'selesai'),
(35, 35, 35, '2026-06-05 16:00:00', 32000.00, NULL, 'selesai'),
(36, 36, 36, '2026-06-06 13:15:00', 9000.00, NULL, 'selesai'),
(37, 37, 37, '2026-06-07 10:20:00', 48000.00, NULL, 'selesai'),
(38, 38, 38, '2026-06-08 11:00:00', 112000.00, NULL, 'selesai'),
(39, 39, 39, '2026-06-09 15:30:00', 98000.00, NULL, 'selesai'),
(40, 40, 40, '2026-06-10 14:22:00', 49000.00, NULL, 'selesai');

-- DATA DETAIL PESANAN
INSERT INTO Detail_Pesanan (id_detail_pesanan, id_pesanan, id_produk, jumlah_pesanan, harga_satuan, subtotal) VALUES
(1, 1, 2, 1, 5499000.00, 5499000.00),
(2, 2, 1, 1, 350000.00, 350000.00),
(3, 3, 8, 1, 650000.00, 650000.00),
(4, 4, 9, 1, 99000.00, 99000.00),
(5, 5, 10, 1, 399000.00, 399000.00),
(6, 6, 5, 1, 1650000.00, 1650000.00),
(7, 7, 4, 1, 22499000.00, 22499000.00),
(8, 8, 7, 1, 450000.00, 450000.00),
(9, 9, 6, 1, 1999000.00, 1999000.00),
(10, 10, 3, 1, 3799000.00, 3799000.00),
(11, 11, 18, 1, 249000.00, 249000.00),
(12, 12, 15, 1, 135000.00, 135000.00),
(13, 13, 28, 1, 115000.00, 115000.00),
(14, 14, 34, 1, 75000.00, 75000.00),
(15, 15, 33, 1, 35000.00, 35000.00),
(16, 16, 19, 1, 299000.00, 299000.00),
(17, 17, 17, 1, 145000.00, 145000.00),
(18, 18, 36, 1, 60000.00, 60000.00),
(19, 19, 37, 1, 185000.00, 185000.00),
(20, 20, 39, 1, 38000.00, 38000.00),
(21, 21, 9, 1, 650000.00, 650000.00),
(22, 22, 20, 1, 850000.00, 850000.00),
(23, 23, 3, 1, 3799000.00, 3799000.00),
(24, 24, 6, 1, 1999000.00, 1999000.00),
(25, 25, 7, 1, 450000.00, 450000.00),
(26, 26, 8, 1, 120000.00, 120000.00),
(27, 27, 14, 1, 320000.00, 320000.00),
(28, 28, 26, 1, 135000.00, 135000.00),
(29, 29, 16, 1, 380000.00, 380000.00),
(30, 30, 21, 1, 375000.00, 375000.00),
(31, 31, 22, 1, 279000.00, 279000.00),
(32, 32, 12, 1, 199000.00, 199000.00),
(33, 33, 24, 1, 285000.00, 285000.00),
(34, 34, 27, 1, 17000.00, 17000.00),
(35, 35, 29, 1, 32000.00, 32000.00),
(36, 36, 30, 1, 9000.00, 9000.00),
(37, 37, 31, 1, 48000.00, 48000.00),
(38, 38, 32, 1, 112000.00, 112000.00),
(39, 39, 38, 1, 98000.00, 98000.00),
(40, 40, 40, 1, 49000.00, 49000.00);

-- DATA KERANJANG
INSERT INTO Keranjang (id_keranjang, id_pelanggan, id_produk, jumlah) VALUES
(1, 1, 1, 2),
(2, 1, 8, 3),
(3, 2, 2, 1),
(4, 3, 10, 1),
(5, 4, 9, 3),
(6, 3, 15, 2),
(7, 4, 17, 1),
(8, 4, 40, 3),
(9, 5, 25, 2),
(10, 5, 31, 1),
(11, 6, 3, 1),
(12, 6, 6, 1),
(13, 7, 4, 1),
(14, 7, 8, 5),
(15, 8, 11, 1),
(16, 8, 16, 1),
(17, 9, 12, 2),
(18, 9, 34, 2),
(19, 10, 13, 1),
(20, 10, 26, 1),
(21, 11, 5, 1),
(22, 11, 21, 1),
(23, 12, 18, 2),
(24, 12, 22, 1),
(25, 13, 27, 4),
(26, 13, 30, 5),
(27, 14, 35, 1),
(28, 14, 38, 2),
(29, 15, 19, 1),
(30, 15, 23, 1),
(31, 16, 14, 2),
(32, 16, 36, 3),
(33, 17, 7, 1),
(34, 17, 39, 2),
(35, 18, 9, 1),
(36, 18, 24, 1),
(37, 19, 20, 2),
(38, 19, 37, 1),
(39, 20, 32, 1),
(40, 20, 28, 1);

-- INSERT Pembayaran (Diperluas Menjadi 40 Baris)
INSERT INTO Pembayaran (id_pesanan, metode_pembayaran, jumlah_bayar, status_pembayaran, tanggal_bayar) VALUES
(1,  'Transfer Bank',   4499100, 'berhasil', '2026-01-15 10:30:00'),
(2,  'QRIS',            349000,  'berhasil', '2026-02-20 11:45:00'),
(3,  'Transfer Bank',   205000,  'berhasil', '2026-02-05 09:20:00'),
(4,  'COD',              175000,  'berhasil', '2026-02-18 14:00:00'),
(5,  'OVO',              214200,  'berhasil', '2026-03-01 08:45:00'),
(6,  'GoPay',            120000,  'berhasil', '2026-03-10 16:15:00'),
(7,  'Transfer Bank',   390000,  'berhasil', '2026-03-22 10:30:00'),
(8,  'Transfer Bank',  6704100,  'berhasil', '2026-04-01 09:15:00'),
(9,  'QRIS',            125000,  'berhasil', '2026-04-12 13:45:00'),
(10, 'Dana',             75000,  'berhasil', '2026-04-20 15:20:00'),
(11, 'OVO',              370000,  'berhasil', '2026-05-01 10:15:00'),
(12, 'GoPay',            425000,  'berhasil', '2026-05-10 11:30:00'),
(13, 'Transfer Bank', 3500000,   'berhasil', '2026-05-15 09:45:00'),
(14, 'QRIS',            888000,  'berhasil', '2026-05-20 14:15:00'),
(15, 'Transfer Bank',   195000,  'berhasil', '2026-05-28 16:45:00'),
(16, 'OVO',           1305000,   'berhasil', '2026-06-01 08:20:00'),
(17, 'Dana',            459000,  'berhasil', '2026-06-02 10:45:00'),
(18, 'GoPay',            146250,  'berhasil', '2026-06-03 11:30:00'),
(19, 'Transfer Bank',   240000,  'berhasil', '2026-06-04 12:15:00'),
(20, 'QRIS',            839000,  'berhasil', '2026-06-05 09:20:00'),
(21, 'Dana',            214000,  'berhasil', '2026-06-05 14:30:00'),
(22, 'Transfer Bank',  9025000,  'berhasil', '2026-06-06 08:50:00'),
(23, 'GoPay',            185000,  'berhasil', '2026-06-07 10:15:00'),
(24, 'OVO',              205000,  'berhasil', '2026-06-08 11:30:00'),
(25, 'QRIS',            125000,  'berhasil', '2026-06-09 13:40:00'),
(26, 'Transfer Bank',   722500,  'berhasil', '2026-06-10 15:00:00'),
(27, 'Dana',            159000,  'berhasil', '2026-06-11 16:20:00'),
(28, 'GoPay',            155000,  'berhasil', '2026-06-12 09:30:00'),
(29, 'Transfer Bank',  1450000,  'berhasil', '2026-06-13 10:45:00'),
(30, 'QRIS',            552500,  'berhasil', '2026-06-14 12:05:00'),
(31, 'OVO',              89000,  'berhasil', '2026-06-15 13:30:00'),
(32, 'Dana',            112500,  'berhasil', '2026-06-16 14:45:00'),
(33, 'Transfer Bank',   125000,  'berhasil', '2026-06-17 15:30:00'),
(34, 'GoPay',            324000,  'berhasil', '2026-06-18 16:55:00'),
(35, 'COD',               35000,  'berhasil', '2026-06-19 09:00:00'),
(36, 'QRIS',            169000,  'berhasil', '2026-06-20 10:30:00'),
(37, 'Transfer Bank',  4500000,  'berhasil', '2026-06-21 11:45:00'),
(38, 'OVO',             106250,  'berhasil', '2026-06-22 13:15:00'),
(39, 'Dana',             75000,  'berhasil', '2026-06-23 15:00:00'),
(40, 'GoPay',            195000,  'berhasil', '2026-06-24 16:30:00');

-- INSERT Pengiriman (Diperluas Menjadi 40 Baris)
INSERT INTO Pengiriman (id_pesanan, jasa_kurir, nomor_resi, tanggal_kirim, status_pengiriman) VALUES
(1,  'JNE',      'JNE2026011500001', '2026-01-16 08:00:00', 'terkirim'),
(2,  'J&T',      'JNT2026022000001', '2026-02-21 09:00:00', 'terkirim'),
(3,  'SiCepat',  'SIC2026020500001', '2026-02-06 08:30:00', 'terkirim'),
(4,  'COD',      'COD2026021800001', '2026-02-18 14:00:00', 'terkirim'),
(5,  'JNE',      'JNE2026030100001', '2026-03-02 09:00:00', 'terkirim'),
(6,  'J&T',      'JNT2026031000001', '2026-03-11 10:00:00', 'terkirim'),
(7,  'SiCepat',  'SIC2026032200001', '2026-03-23 08:00:00', 'terkirim'),
(8,  'JNE',      'JNE2026040100001', '2026-04-02 10:00:00', 'terkirim'),
(9,  'AnterAja', 'ANT2026041200001', '2026-04-13 09:30:00', 'terkirim'),
(10, 'J&T',      'JNT2026042000001', '2026-04-21 10:00:00', 'terkirim'),
(11, 'JNE',      'JNE2026050100001', '2026-05-02 09:00:00', 'terkirim'),
(12, 'SiCepat',  'SIC2026051000001', '2026-05-11 08:30:00', 'terkirim'),
(13, 'JNE',      'JNE2026051500001', '2026-05-16 10:00:00', 'terkirim'),
(14, 'J&T',      'JNT2026052000001', '2026-05-21 09:00:00', 'terkirim'),
(15, 'SiCepat',  'SIC2026052800001', '2026-05-29 08:00:00', 'terkirim'),
(16, 'JNE',      'JNE2026060100001', '2026-06-02 09:30:00', 'terkirim'),
(17, 'J&T',      'JNT2026060200001', '2026-06-03 10:00:00', 'terkirim'),
(18, 'SiCepat',  'SIC2026060300001', '2026-06-04 09:00:00', 'terkirim'),
(19, 'AnterAja', 'ANT2026060400001', '2026-06-05 08:30:00', 'terkirim'),
(20, 'JNE',      'JNE2026060500001', '2026-06-06 11:00:00', 'terkirim'),
(21, 'J&T',      'JNT2026060500002', '2026-06-06 13:00:00', 'terkirim'),
(22, 'SiCepat',  'SIC2026060600001', '2026-06-07 10:30:00', 'terkirim'),
(23, 'JNE',      'JNE2026060700001', '2026-06-08 09:00:00', 'terkirim'),
(24, 'J&T',      'JNT2026060800001', '2026-06-09 14:00:00', 'terkirim'),
(25, 'AnterAja', 'ANT2026060900001', '2026-06-10 11:30:00', 'terkirim'),
(26, 'SiCepat',  'SIC2026061000001', '2026-06-11 13:00:00', 'terkirim'),
(27, 'JNE',      'JNE2026061100001', '2026-06-12 08:45:00', 'terkirim'),
(28, 'J&T',      'JNT2026061200001', '2026-06-13 10:00:00', 'terkirim'),
(29, 'SiCepat',  'SIC2026061300001', '2026-06-14 09:15:00', 'terkirim'),
(30, 'AnterAja', 'ANT2026061400001', '2026-06-15 10:30:00', 'terkirim'),
(31, 'JNE',      'JNE2026061500001', '2026-06-16 14:00:00', 'terkirim'),
(32, 'J&T',      'JNT2026061600001', '2026-06-17 11:15:00', 'terkirim'),
(33, 'SiCepat',  'SIC2026061700001', '2026-06-18 13:00:00', 'terkirim'),
(34, 'AnterAja', 'ANT2026061800001', '2026-06-19 15:30:00', 'terkirim'),
(35, 'COD',      'COD2026061900001', '2026-06-19 09:00:00', 'terkirim'),
(36, 'JNE',      'JNE2026062000001', '2026-06-21 10:45:00', 'terkirim'),
(37, 'J&T',      'JNT2026062100001', '2026-06-22 09:30:00', 'terkirim'),
(38, 'SiCepat',  'SIC2026062200001', '2026-06-23 11:00:00', 'terkirim'),
(39, 'AnterAja', 'ANT2026062300001', '2026-06-24 14:15:00', 'terkirim'),
(40, 'JNE',      'JNE2026062400001', '2026-06-25 10:00:00', 'terkirim');

-- INSERT Ulasan (Diperluas Menjadi 40 Baris)
INSERT INTO Ulasan (id_produk, id_pelanggan, rating, komentar, tanggal_ulasan) VALUES
 (1,  1,  5, 'Smartphone sangat kencang, kamera jernih, baterai awet. Recommended!',          '2026-01-25'),
 (3,  1,  4, 'Suara jernih dan ANC bekerja baik, tapi koneksi kadang putus.',                 '2026-03-01'),
 (6,  2,  5, 'Kualitas batik premium, jahitan rapi, warna tidak luntur setelah dicuci.',       '2026-02-15'),
 (7,  2,  4, 'Bahan nyaman, tapi ukuran sedikit kecil dari label. Saran: ambil satu ukuran lebih besar.', '2026-03-10'),
 (12, 3,  5, 'Sambal enak dan autentik, cukup pedas, cocok untuk lauk nasi.',                 '2026-02-28'),
 (11, 3,  5, 'Aroma kopi kuat, rasa seimbang, tidak terlalu asam. Favorit pagi hari!',        '2026-02-28'),
 (13, 4,  4, 'Serum bekerja dalam 2 minggu, wajah lebih cerah dan lembap.',                   '2026-03-15'),
 (15, 4,  5, 'Sheet mask sangat lembap, wajah glowing setelah pakai. Harga sangat worth it.',  '2026-03-15'),
 (20, 5,  4, 'Bahan cepat kering, nyaman saat olahraga, warna sesuai gambar.',               '2026-03-25'),
 (8,  6,  5, 'Dress sangat cantik, bahan adem dan jatuh di badan. Banyak dapat pujian!',      '2026-04-02'),
 (9,  6,  4, 'Tas bagus dan kuat, tapi ritsleting agak susah dibuka di awal.',                '2026-04-02'),
 (2,  7,  5, 'Laptop kencang banget untuk desain dan coding, layar FHD sangat tajam.',        '2026-04-15'),
 (3,  7,  5, 'TWS ini terbaik di kelasnya! Bass kuat, koneksi stabil, harga terjangkau.',     '2026-04-15'),
 (22, 8,  4, 'Buku ditulis dengan bahasa yang mudah dipahami, cocok untuk pemula Python.',    '2026-04-25'),
 (10, 9,  5, 'Rendang autentik sekali rasanya, daging empuk, bumbu meresap sempurna.',        '2026-05-01'),
 (21, 10, 4, 'Raket ringan dan grip nyaman, cocok untuk pemula hingga intermediate.',          '2026-05-10'),
 (6,  10, 5, 'Batik motif parang sangat elegan, bahan adem, sering dipakai ke kantor.',      '2026-05-10'),
 (16, 12, 5, 'Tempat tidur kokoh, kayu berkualitas, perakitan mudah, tidur jadi nyaman!',    '2026-05-25'),
 (19, 15, 5, 'Sepatu lari sangat ringan dan empuk, tapak tidak licin, warna keren.',          '2026-06-05'),
 (4,  13, 4, 'Powerbank kapasitas besar, pengisian cepat, tapi agak berat dibawa kemana-mana.','2026-05-30'),
 (6,  1,  5, 'Sangat memuaskan, motif parang rapi.',                                           '2026-06-10'),
 (7,  3,  4, 'Celana chino bahannya melar sedikit, nyaman dipakai seharian.',                '2026-06-12'),
 (14, 4,  5, 'Sunscreen terbaik tidak bikin whitecast atau kusam.',                          '2026-06-13'),
 (20, 9,  5, 'Celana olahraga adem, pas untuk workout pagi hari.',                           '2026-06-14'),
 (9,  11, 4, 'Tas kanvas fungsional, muat banyak barang bawaan kuliah.',                      '2026-06-15'), -- Diubah ke id_pelanggan = 11 agar tidak duplikat dengan baris 11
 (24, 7,  5, 'Alat tulis lengkap, sangat membantu urusan administrasi toko.',                '2026-06-16'),
 (19, 8,  5, 'Sepatu Pegasus memang andalan untuk lari jarak jauh.',                          '2026-06-17'),
 (15, 14, 4, 'Masker wajahnya dingin dan menyegarkan kulit kusam.',                          '2026-06-18'), -- Diubah ke id_pelanggan = 14 agar tidak duplikat dengan baris 8
 (23, 10, 5, 'Novelnya menginspirasi sekali, kondisi buku rapi bersegel.',                    '2026-06-19'),
 (22, 11, 4, 'Penjelasan Python di buku ini runtut dan mudah diikuti.',                       '2026-06-20'),
 (4,  12,  5, 'Anker tidak pernah mengecewakan, powerbank awet berhari-hari.',                '2026-06-21'),
 (25, 13,  4, 'Mouse wireless responsif dan presisi, pengemasan aman.',                       '2026-06-22'),
 (12, 14,  5, 'Sambal ekstra pedasnya juara, bikin nagih dipadukan lauk apa saja.',          '2026-06-23'),
 (6,  15,  5, 'Batiknya bagus, pas di badan saya tidak kekecilan.',                          '2026-06-24'),
 (19, 16,  5, 'Sepatu sangat empuk, lutut tidak sakit lagi pas jogging.',                    '2026-06-25'),
 (21, 17,  4, 'Raket badminton tarikan senarnya mantap untuk smash.',                         '2026-06-26'),
 (10, 18,  5, 'Rendangnya praktis tinggal dihangatkan, rasa persis di resto Padang.',         '2026-06-27'),
 (17, 20,  4, 'Lampu meja sangat terang, baterai tahan lama untuk belajar malam.',            '2026-06-28'),
 (1,  19,  5, 'Samsung A55 layarnya mantap, scroll sosmed lancar jaya.',                      '2026-06-29'),
 (18, 2,   5, 'Rak buku dindingnya estetik dan kokoh menahan beban berat.',                  '2026-06-30');

-- 5. OPERASI MANIPULASI DATA TAMBAHAN
UPDATE Produk SET harga_produk = harga_produk * 1.05 WHERE id_kategori = 1;
DELETE FROM Keranjang WHERE id_pelanggan = 5;
SELECT * FROM Keranjang;